Org|OrgSector|RverMonthYear|RverReviewer|RverPosition|RverLoc|RverRecom|RvReviewAbout|RvScore|RvComment
Covestro AG|Chemie|May 2020|1|Angestellte/r oder Arbeiter/in|Hat zum Zeitpunkt der Bewertung. bei Covestro. in . Leverkusen gearbeitet.|Empfohlen|Overall|4.7|Ein modernes Unternehmen, bei. dem es. leicht . fällt, sich mit ihm zu identifizieren
Covestro AG|Chemie|May 2020|1|Angestellte/r oder Arbeiter/in|Hat zum Zeitpunkt der Bewertung bei Covestro in Leverkusen gearbeitet.|Empfohlen|Arbeitsatmosphäre|4|jsgfj  dfmitfühlfwef wkgfn sdfmitfühlendwef w;okefno;wenf  qafd wsefwe
Covestro AG|Chemie|May 2020|1|Angestellte/r oder Arbeiter/in|Hat zum Zeitpunkt der Bewertung bei Covestro in Leverkusen gearbeitet.|Empfohlen|Kollegenzusammenhalt|4|
Covestro AG|Chemie|May 2020|1|Angestellte/r oder Arbeiter/in|Hat zum Zeitpunkt der Bewertung bei Covestro in Leverkusen gearbeitet.|Empfohlen|Gleichberechtigung|5| Globales  Unternehmen  Gleichberechtigung  legt; gleich funktionieren integrationen  sind alle nicht Mitarbeiter,  gleich welcher Herkunft, welcher Religion, welcher Sprache, welches Geschlechts, etc.
Covestro AG|Chemie|May 2020|1|Angestellte/r oder Arbeiter/in|Hat zum Zeitpunkt der Bewertung bei Covestro in Leverkusen gearbeitet.|Empfohlen|Umgang mit älteren Kollegen|4|
Covestro AG|Chemie|May 2020|1|Angestellte/r oder Arbeiter/in|Hat zum Zeitpunkt der Bewertung bei Covestro in Leverkusen gearbeitet.|Empfohlen|Umwelt-/Sozialbewusstsein|5|Verschiedene Abteilungen setzen sich u.a. mit den Themen CO2 als Rohstoff, Nachhaltigkeit, Soziales auseinander
Covestro AG|Chemie|May 2020|1|Angestellte/r oder Arbeiter/in|Hat zum Zeitpunkt der Bewertung bei Covestro in Leverkusen gearbeitet.|Empfohlen|Corona1|NA|kein moral Alle Mitarbeiter sind eins und können freiwillig auf einen Anteil ihres Entgeltes für eine festgelegte Zeit verzichten, um gemeinsam durch die Krise zu kommen. Einrichtung einer frühzeitigen Task-Force mit schnellen Ergebnissen, die umgesetzt wurden
Covestro AG|Chemie|May 2020|1|Angestellte/r oder Arbeiter/in|Hat zum Zeitpunkt der Bewertung bei Covestro in Leverkusen gearbeitet.|Empfohlen|Corona2|NA|
Covestro AG|Chemie|May 2020|1|Angestellte/r oder Arbeiter/in|Hat zum Zeitpunkt der Bewertung bei Covestro in Leverkusen gearbeitet.|Empfohlen|Corona3|NA|
Covestro AG|Chemie|May 2020|1|Angestellte/r oder Arbeiter/in|Hat zum Zeitpunkt der Bewertung bei Covestro in Leverkusen gearbeitet.|Empfohlen|Work-Life-Balance|5|Nicht nur in Corona-Zeiten ist es Covestro wichtig, dass seine Mitarbeiter gesund und zufrieden bleiben
Covestro AG|Chemie|August 2018|2|Ex-Führungskraft / Management|Hat im Bereich Marketing / Produktmanagement bei Covestro in Leverkusen gearbeitet.|Nicht empfohlen|Overall|1.6|Ein echter Dinosaurier in Bezug auf Marketing und Unternehmensführung
Covestro AG|Chemie|August 2018|2|Ex-Führungskraft / Management|Hat im Bereich Marketing / Produktmanagement bei Covestro in Leverkusen gearbeitet.|Nicht empfohlen|Arbeitsatmosphäre|1|
Covestro AG|Chemie|August 2018|2|Ex-Führungskraft / Management|Hat im Bereich Marketing / Produktmanagement bei Covestro in Leverkusen gearbeitet.|Nicht empfohlen|Kollegenzusammenhalt|2|
Covestro AG|Chemie|August 2018|2|Ex-Führungskraft / Management|Hat im Bereich Marketing / Produktmanagement bei Covestro in Leverkusen gearbeitet.|Nicht empfohlen|Gleichberechtigung|2|
Covestro AG|Chemie|August 2018|2|Ex-Führungskraft / Management|Hat im Bereich Marketing / Produktmanagement bei Covestro in Leverkusen gearbeitet.|Nicht empfohlen|Umgang mit älteren Kollegen|2|
Covestro AG|Chemie|August 2018|2|Ex-Führungskraft / Management|Hat im Bereich Marketing / Produktmanagement bei Covestro in Leverkusen gearbeitet.|Nicht empfohlen|Umwelt-/Sozialbewusstsein|1|
Covestro AG|Chemie|August 2018|2|Ex-Führungskraft / Management|Hat im Bereich Marketing / Produktmanagement bei Covestro in Leverkusen gearbeitet.|Nicht empfohlen|Corona1|NA|
Covestro AG|Chemie|August 2018|2|Ex-Führungskraft / Management|Hat im Bereich Marketing / Produktmanagement bei Covestro in Leverkusen gearbeitet.|Nicht empfohlen|Corona2|NA|
Covestro AG|Chemie|August 2018|2|Ex-Führungskraft / Management|Hat im Bereich Marketing / Produktmanagement bei Covestro in Leverkusen gearbeitet.|Nicht empfohlen|Corona3|NA|
Covestro AG|Chemie|August 2018|2|Ex-Führungskraft / Management|Hat im Bereich Marketing / Produktmanagement bei Covestro in Leverkusen gearbeitet.|Nicht empfohlen|Work-Life-Balance|3|
Fresenius Medical Care AG & Co. KGaA|Medizin/Pharma|May 2020|1|Angestellte/r oder Arbeiter/in|Hat zum Zeitpunkt der Bewertung im Bereich Produktion bei fresenius in Sankt Wendel gearbeitet.|Empfohlen|Overall|4.2|Sehr angenehmes Arbeitsumfeld
Fresenius Medical Care AG & Co. KGaA|Medizin/Pharma|May 2020|1|Angestellte/r oder Arbeiter/in|Hat zum Zeitpunkt der Bewertung im Bereich Produktion bei fresenius in Sankt Wendel gearbeitet.|Empfohlen|Arbeitsatmosphäre|4|
Fresenius Medical Care AG & Co. KGaA|Medizin/Pharma|May 2020|1|Angestellte/r oder Arbeiter/in|Hat zum Zeitpunkt der Bewertung im Bereich Produktion bei fresenius in Sankt Wendel gearbeitet.|Empfohlen|Kollegenzusammenhalt|5|
Fresenius Medical Care AG & Co. KGaA|Medizin/Pharma|May 2020|1|Angestellte/r oder Arbeiter/in|Hat zum Zeitpunkt der Bewertung im Bereich Produktion bei fresenius in Sankt Wendel gearbeitet.|Empfohlen|Gleichberechtigung|5|
Fresenius Medical Care AG & Co. KGaA|Medizin/Pharma|May 2020|1|Angestellte/r oder Arbeiter/in|Hat zum Zeitpunkt der Bewertung im Bereich Produktion bei fresenius in Sankt Wendel gearbeitet.|Empfohlen|Umgang mit älteren Kollegen|5|
Fresenius Medical Care AG & Co. KGaA|Medizin/Pharma|May 2020|1|Angestellte/r oder Arbeiter/in|Hat zum Zeitpunkt der Bewertung im Bereich Produktion bei fresenius in Sankt Wendel gearbeitet.|Empfohlen|Umwelt-/Sozialbewusstsein|5|
Fresenius Medical Care AG & Co. KGaA|Medizin/Pharma|May 2020|1|Angestellte/r oder Arbeiter/in|Hat zum Zeitpunkt der Bewertung im Bereich Produktion bei fresenius in Sankt Wendel gearbeitet.|Empfohlen|Corona1|NA|frühzeitig und kurzfristig Maßnahmen zum erkennen und eindämmen der Pandemie
Fresenius Medical Care AG & Co. KGaA|Medizin/Pharma|May 2020|1|Angestellte/r oder Arbeiter/in|Hat zum Zeitpunkt der Bewertung im Bereich Produktion bei fresenius in Sankt Wendel gearbeitet.|Empfohlen|Corona2|NA|
Fresenius Medical Care AG & Co. KGaA|Medizin/Pharma|May 2020|1|Angestellte/r oder Arbeiter/in|Hat zum Zeitpunkt der Bewertung im Bereich Produktion bei fresenius in Sankt Wendel gearbeitet.|Empfohlen|Corona3|NA|Mein Arbeitgeber hat für alle Angestellten Mund-Nasenschutz in ausreichender Zahl zur Verfügung gestellt
Fresenius Medical Care AG & Co. KGaA|Medizin/Pharma|May 2020|1|Angestellte/r oder Arbeiter/in|Hat zum Zeitpunkt der Bewertung im Bereich Produktion bei fresenius in Sankt Wendel gearbeitet.|Empfohlen|Work-Life-Balance|3|
Fresenius Medical Care AG & Co. KGaA|Medizin/Pharma|May 2020|2|Ex-Angestellte/r oder Arbeiter/in|Hat im Bereich Vertrieb / Verkauf bei Fresenius Medical Care in Bad Homburg gearbeitet.|Nicht empfohlen|Overall|2.5|Unternehmenskultur ist nicht mehr zeitgemäss
Fresenius Medical Care AG & Co. KGaA|Medizin/Pharma|May 2020|2|Ex-Angestellte/r oder Arbeiter/in|Hat im Bereich Vertrieb / Verkauf bei Fresenius Medical Care in Bad Homburg gearbeitet.|Nicht empfohlen|Arbeitsatmosphäre|3|Jeder schaut nach sich selber. Kaum Teamzusammenhalt. Wird in Management nicht vorgelebt.
Fresenius Medical Care AG & Co. KGaA|Medizin/Pharma|May 2020|2|Ex-Angestellte/r oder Arbeiter/in|Hat im Bereich Vertrieb / Verkauf bei Fresenius Medical Care in Bad Homburg gearbeitet.|Nicht empfohlen|Kollegenzusammenhalt|2|
Fresenius Medical Care AG & Co. KGaA|Medizin/Pharma|May 2020|2|Ex-Angestellte/r oder Arbeiter/in|Hat im Bereich Vertrieb / Verkauf bei Fresenius Medical Care in Bad Homburg gearbeitet.|Nicht empfohlen|Gleichberechtigung|1|Keine Gleichberechtigung für Eltern, die Familie und Beruf vereinbaren wollen.
Fresenius Medical Care AG & Co. KGaA|Medizin/Pharma|May 2020|2|Ex-Angestellte/r oder Arbeiter/in|Hat im Bereich Vertrieb / Verkauf bei Fresenius Medical Care in Bad Homburg gearbeitet.|Nicht empfohlen|Umgang mit älteren Kollegen|2|
Fresenius Medical Care AG & Co. KGaA|Medizin/Pharma|May 2020|2|Ex-Angestellte/r oder Arbeiter/in|Hat im Bereich Vertrieb / Verkauf bei Fresenius Medical Care in Bad Homburg gearbeitet.|Nicht empfohlen|Umwelt-/Sozialbewusstsein|3|
Fresenius Medical Care AG & Co. KGaA|Medizin/Pharma|May 2020|2|Ex-Angestellte/r oder Arbeiter/in|Hat im Bereich Vertrieb / Verkauf bei Fresenius Medical Care in Bad Homburg gearbeitet.|Nicht empfohlen|Corona1|NA|
Fresenius Medical Care AG & Co. KGaA|Medizin/Pharma|May 2020|2|Ex-Angestellte/r oder Arbeiter/in|Hat im Bereich Vertrieb / Verkauf bei Fresenius Medical Care in Bad Homburg gearbeitet.|Nicht empfohlen|Corona2|NA|
Fresenius Medical Care AG & Co. KGaA|Medizin/Pharma|May 2020|2|Ex-Angestellte/r oder Arbeiter/in|Hat im Bereich Vertrieb / Verkauf bei Fresenius Medical Care in Bad Homburg gearbeitet.|Nicht empfohlen|Corona3|NA|
Fresenius Medical Care AG & Co. KGaA|Medizin/Pharma|May 2020|2|Ex-Angestellte/r oder Arbeiter/in|Hat im Bereich Vertrieb / Verkauf bei Fresenius Medical Care in Bad Homburg gearbeitet.|Nicht empfohlen|Work-Life-Balance|3|
Fresenius Medical Care AG & Co. KGaA|Medizin/Pharma|April 2020|3|Angestellte/r oder Arbeiter/in|Hat zum Zeitpunkt der Bewertung im Bereich Marketing / Produktmanagement bei Fresenius Medical Care in Bad Homburg gearbeitet.|Empfohlen|Overall|4.6|Gute Reaktion
Fresenius Medical Care AG & Co. KGaA|Medizin/Pharma|April 2020|3|Angestellte/r oder Arbeiter/in|Hat zum Zeitpunkt der Bewertung im Bereich Marketing / Produktmanagement bei Fresenius Medical Care in Bad Homburg gearbeitet.|Empfohlen|Arbeitsatmosphäre|4|
Fresenius Medical Care AG & Co. KGaA|Medizin/Pharma|April 2020|3|Angestellte/r oder Arbeiter/in|Hat zum Zeitpunkt der Bewertung im Bereich Marketing / Produktmanagement bei Fresenius Medical Care in Bad Homburg gearbeitet.|Empfohlen|Kollegenzusammenhalt|5|
Fresenius Medical Care AG & Co. KGaA|Medizin/Pharma|April 2020|3|Angestellte/r oder Arbeiter/in|Hat zum Zeitpunkt der Bewertung im Bereich Marketing / Produktmanagement bei Fresenius Medical Care in Bad Homburg gearbeitet.|Empfohlen|Gleichberechtigung|5|
Fresenius Medical Care AG & Co. KGaA|Medizin/Pharma|April 2020|3|Angestellte/r oder Arbeiter/in|Hat zum Zeitpunkt der Bewertung im Bereich Marketing / Produktmanagement bei Fresenius Medical Care in Bad Homburg gearbeitet.|Empfohlen|Umgang mit älteren Kollegen|5|
Fresenius Medical Care AG & Co. KGaA|Medizin/Pharma|April 2020|3|Angestellte/r oder Arbeiter/in|Hat zum Zeitpunkt der Bewertung im Bereich Marketing / Produktmanagement bei Fresenius Medical Care in Bad Homburg gearbeitet.|Empfohlen|Umwelt-/Sozialbewusstsein|5|
Fresenius Medical Care AG & Co. KGaA|Medizin/Pharma|April 2020|3|Angestellte/r oder Arbeiter/in|Hat zum Zeitpunkt der Bewertung im Bereich Marketing / Produktmanagement bei Fresenius Medical Care in Bad Homburg gearbeitet.|Empfohlen|Corona1|NA|Crisis Management, Mobiles Arbeiten ermöglicht
Fresenius Medical Care AG & Co. KGaA|Medizin/Pharma|April 2020|3|Angestellte/r oder Arbeiter/in|Hat zum Zeitpunkt der Bewertung im Bereich Marketing / Produktmanagement bei Fresenius Medical Care in Bad Homburg gearbeitet.|Empfohlen|Corona2|NA|
Fresenius Medical Care AG & Co. KGaA|Medizin/Pharma|April 2020|3|Angestellte/r oder Arbeiter/in|Hat zum Zeitpunkt der Bewertung im Bereich Marketing / Produktmanagement bei Fresenius Medical Care in Bad Homburg gearbeitet.|Empfohlen|Corona3|NA|
Fresenius Medical Care AG & Co. KGaA|Medizin/Pharma|April 2020|3|Angestellte/r oder Arbeiter/in|Hat zum Zeitpunkt der Bewertung im Bereich Marketing / Produktmanagement bei Fresenius Medical Care in Bad Homburg gearbeitet.|Empfohlen|Work-Life-Balance|5|
Fresenius Medical Care AG & Co. KGaA|Medizin/Pharma|April 2020|4|Führungskraft / Management|Hat zum Zeitpunkt der Bewertung im Bereich Forschung / Entwicklung bei Fresenius Medical Care in Schweinfurt gearbeitet.|Empfohlen|Overall|4.6|Top Arbeitgeber
Fresenius Medical Care AG & Co. KGaA|Medizin/Pharma|April 2020|4|Führungskraft / Management|Hat zum Zeitpunkt der Bewertung im Bereich Forschung / Entwicklung bei Fresenius Medical Care in Schweinfurt gearbeitet.|Empfohlen|Arbeitsatmosphäre|5|
Fresenius Medical Care AG & Co. KGaA|Medizin/Pharma|April 2020|4|Führungskraft / Management|Hat zum Zeitpunkt der Bewertung im Bereich Forschung / Entwicklung bei Fresenius Medical Care in Schweinfurt gearbeitet.|Empfohlen|Kollegenzusammenhalt|5|
Fresenius Medical Care AG & Co. KGaA|Medizin/Pharma|April 2020|4|Führungskraft / Management|Hat zum Zeitpunkt der Bewertung im Bereich Forschung / Entwicklung bei Fresenius Medical Care in Schweinfurt gearbeitet.|Empfohlen|Gleichberechtigung|4|
Fresenius Medical Care AG & Co. KGaA|Medizin/Pharma|April 2020|4|Führungskraft / Management|Hat zum Zeitpunkt der Bewertung im Bereich Forschung / Entwicklung bei Fresenius Medical Care in Schweinfurt gearbeitet.|Empfohlen|||
Fresenius Medical Care AG & Co. KGaA|Medizin/Pharma|April 2020|4|Führungskraft / Management|Hat zum Zeitpunkt der Bewertung im Bereich Forschung / Entwicklung bei Fresenius Medical Care in Schweinfurt gearbeitet.|Empfohlen|Umwelt-/Sozialbewusstsein|5|
Fresenius Medical Care AG & Co. KGaA|Medizin/Pharma|April 2020|4|Führungskraft / Management|Hat zum Zeitpunkt der Bewertung im Bereich Forschung / Entwicklung bei Fresenius Medical Care in Schweinfurt gearbeitet.|Empfohlen|Corona1|NA|Schnelle und gute Reaktion auf aktuelle Situation
Fresenius Medical Care AG & Co. KGaA|Medizin/Pharma|April 2020|4|Führungskraft / Management|Hat zum Zeitpunkt der Bewertung im Bereich Forschung / Entwicklung bei Fresenius Medical Care in Schweinfurt gearbeitet.|Empfohlen|Corona2|NA|N/A
Fresenius Medical Care AG & Co. KGaA|Medizin/Pharma|April 2020|4|Führungskraft / Management|Hat zum Zeitpunkt der Bewertung im Bereich Forschung / Entwicklung bei Fresenius Medical Care in Schweinfurt gearbeitet.|Empfohlen|Corona3|NA|N/A
Fresenius Medical Care AG & Co. KGaA|Medizin/Pharma|April 2020|4|Führungskraft / Management|Hat zum Zeitpunkt der Bewertung im Bereich Forschung / Entwicklung bei Fresenius Medical Care in Schweinfurt gearbeitet.|Empfohlen|Work-Life-Balance|3|
Fresenius Medical Care AG & Co. KGaA|Medizin/Pharma|March 2020|5|Ex-Praktikant/in|Hat im Bereich Marketing / Produktmanagement bei Fresenius Medical Care in Bad Homburg gearbeitet.|Empfohlen|Overall|4.5|A great experience to start my working-life in Germany
Fresenius Medical Care AG & Co. KGaA|Medizin/Pharma|March 2020|5|Ex-Praktikant/in|Hat im Bereich Marketing / Produktmanagement bei Fresenius Medical Care in Bad Homburg gearbeitet.|Empfohlen|Arbeitsatmosphäre|5|
Fresenius Medical Care AG & Co. KGaA|Medizin/Pharma|March 2020|5|Ex-Praktikant/in|Hat im Bereich Marketing / Produktmanagement bei Fresenius Medical Care in Bad Homburg gearbeitet.|Empfohlen|Kollegenzusammenhalt|5|
Fresenius Medical Care AG & Co. KGaA|Medizin/Pharma|March 2020|5|Ex-Praktikant/in|Hat im Bereich Marketing / Produktmanagement bei Fresenius Medical Care in Bad Homburg gearbeitet.|Empfohlen|Gleichberechtigung|4|
Fresenius Medical Care AG & Co. KGaA|Medizin/Pharma|March 2020|5|Ex-Praktikant/in|Hat im Bereich Marketing / Produktmanagement bei Fresenius Medical Care in Bad Homburg gearbeitet.|Empfohlen|Umgang mit älteren Kollegen|5|
Fresenius Medical Care AG & Co. KGaA|Medizin/Pharma|March 2020|5|Ex-Praktikant/in|Hat im Bereich Marketing / Produktmanagement bei Fresenius Medical Care in Bad Homburg gearbeitet.|Empfohlen|Umwelt-/Sozialbewusstsein|4|
Fresenius Medical Care AG & Co. KGaA|Medizin/Pharma|March 2020|5|Ex-Praktikant/in|Hat im Bereich Marketing / Produktmanagement bei Fresenius Medical Care in Bad Homburg gearbeitet.|Empfohlen|Corona1|NA|
Fresenius Medical Care AG & Co. KGaA|Medizin/Pharma|March 2020|5|Ex-Praktikant/in|Hat im Bereich Marketing / Produktmanagement bei Fresenius Medical Care in Bad Homburg gearbeitet.|Empfohlen|Corona2|NA|
Fresenius Medical Care AG & Co. KGaA|Medizin/Pharma|March 2020|5|Ex-Praktikant/in|Hat im Bereich Marketing / Produktmanagement bei Fresenius Medical Care in Bad Homburg gearbeitet.|Empfohlen|Corona3|NA|I finished my pratikum/ working student period in FMC before the beginning of this crisis
Fresenius Medical Care AG & Co. KGaA|Medizin/Pharma|March 2020|5|Ex-Praktikant/in|Hat im Bereich Marketing / Produktmanagement bei Fresenius Medical Care in Bad Homburg gearbeitet.|Empfohlen|Work-Life-Balance|5|
Fresenius Medical Care AG & Co. KGaA|Medizin/Pharma|February 2020|6|Angestellte/r oder Arbeiter/in|Hat zum Zeitpunkt der Bewertung bei Fresenius Medical Care in Bad Homurg gearbeitet.|Empfohlen|Overall|2.9|Gute Produkte & Service, aber zu wenig Innovation & Verbesserung & Koordination, Ziele zu kurzfristig
Fresenius Medical Care AG & Co. KGaA|Medizin/Pharma|February 2020|6|Angestellte/r oder Arbeiter/in|Hat zum Zeitpunkt der Bewertung bei Fresenius Medical Care in Bad Homurg gearbeitet.|Empfohlen|Arbeitsatmosphäre|2|zu viele Projekte & Tätigkeiten
Fresenius Medical Care AG & Co. KGaA|Medizin/Pharma|February 2020|6|Angestellte/r oder Arbeiter/in|Hat zum Zeitpunkt der Bewertung bei Fresenius Medical Care in Bad Homurg gearbeitet.|Empfohlen|Kollegenzusammenhalt|5|Innerhalb der Gruppe große Hilfsbereitschaft & viel Verständnis aufgrund des enormen äußeren Drucks
Fresenius Medical Care AG & Co. KGaA|Medizin/Pharma|February 2020|6|Angestellte/r oder Arbeiter/in|Hat zum Zeitpunkt der Bewertung bei Fresenius Medical Care in Bad Homurg gearbeitet.|Empfohlen|Gleichberechtigung|4|Bis zu den mittleren Führungsebenen vorhanden, aber darüber nicht
Fresenius Medical Care AG & Co. KGaA|Medizin/Pharma|February 2020|6|Angestellte/r oder Arbeiter/in|Hat zum Zeitpunkt der Bewertung bei Fresenius Medical Care in Bad Homurg gearbeitet.|Empfohlen|Umgang mit älteren Kollegen|3|
Fresenius Medical Care AG & Co. KGaA|Medizin/Pharma|February 2020|6|Angestellte/r oder Arbeiter/in|Hat zum Zeitpunkt der Bewertung bei Fresenius Medical Care in Bad Homurg gearbeitet.|Empfohlen|Umwelt-/Sozialbewusstsein|2|
Fresenius Medical Care AG & Co. KGaA|Medizin/Pharma|February 2020|6|Angestellte/r oder Arbeiter/in|Hat zum Zeitpunkt der Bewertung bei Fresenius Medical Care in Bad Homurg gearbeitet.|Empfohlen|Corona1|NA|
Fresenius Medical Care AG & Co. KGaA|Medizin/Pharma|February 2020|6|Angestellte/r oder Arbeiter/in|Hat zum Zeitpunkt der Bewertung bei Fresenius Medical Care in Bad Homurg gearbeitet.|Empfohlen|Corona2|NA|
Fresenius Medical Care AG & Co. KGaA|Medizin/Pharma|February 2020|6|Angestellte/r oder Arbeiter/in|Hat zum Zeitpunkt der Bewertung bei Fresenius Medical Care in Bad Homurg gearbeitet.|Empfohlen|Corona3|NA|
Fresenius Medical Care AG & Co. KGaA|Medizin/Pharma|February 2020|6|Angestellte/r oder Arbeiter/in|Hat zum Zeitpunkt der Bewertung bei Fresenius Medical Care in Bad Homurg gearbeitet.|Empfohlen|Work-Life-Balance|1|schwierig, da viele Projekte & dringende Arbeiten
Fresenius Medical Care AG & Co. KGaA|Medizin/Pharma|February 2020|7|Ex-Angestellte/r oder Arbeiter/in|Hat bei Fresenius Medical Care in Schweinfurt gearbeitet.|Nicht empfohlen|Overall|2.8|Wenn die Unternehmenswerte nicht eingehalten werden, können das selbst die guten Benefits nicht ausgleichen
Fresenius Medical Care AG & Co. KGaA|Medizin/Pharma|February 2020|7|Ex-Angestellte/r oder Arbeiter/in|Hat bei Fresenius Medical Care in Schweinfurt gearbeitet.|Nicht empfohlen|Arbeitsatmosphäre|2|
Fresenius Medical Care AG & Co. KGaA|Medizin/Pharma|February 2020|7|Ex-Angestellte/r oder Arbeiter/in|Hat bei Fresenius Medical Care in Schweinfurt gearbeitet.|Nicht empfohlen|Kollegenzusammenhalt|3|
Fresenius Medical Care AG & Co. KGaA|Medizin/Pharma|February 2020|7|Ex-Angestellte/r oder Arbeiter/in|Hat bei Fresenius Medical Care in Schweinfurt gearbeitet.|Nicht empfohlen|Gleichberechtigung|2|Überwiegend männliche Führungskräfte
Fresenius Medical Care AG & Co. KGaA|Medizin/Pharma|February 2020|7|Ex-Angestellte/r oder Arbeiter/in|Hat bei Fresenius Medical Care in Schweinfurt gearbeitet.|Nicht empfohlen|Umgang mit älteren Kollegen|3|
Fresenius Medical Care AG & Co. KGaA|Medizin/Pharma|February 2020|7|Ex-Angestellte/r oder Arbeiter/in|Hat bei Fresenius Medical Care in Schweinfurt gearbeitet.|Nicht empfohlen|Umwelt-/Sozialbewusstsein|4|
Fresenius Medical Care AG & Co. KGaA|Medizin/Pharma|February 2020|7|Ex-Angestellte/r oder Arbeiter/in|Hat bei Fresenius Medical Care in Schweinfurt gearbeitet.|Nicht empfohlen|Corona1|NA|
Fresenius Medical Care AG & Co. KGaA|Medizin/Pharma|February 2020|7|Ex-Angestellte/r oder Arbeiter/in|Hat bei Fresenius Medical Care in Schweinfurt gearbeitet.|Nicht empfohlen|Corona2|NA|
Fresenius Medical Care AG & Co. KGaA|Medizin/Pharma|February 2020|7|Ex-Angestellte/r oder Arbeiter/in|Hat bei Fresenius Medical Care in Schweinfurt gearbeitet.|Nicht empfohlen|Corona3|NA|
Fresenius Medical Care AG & Co. KGaA|Medizin/Pharma|February 2020|7|Ex-Angestellte/r oder Arbeiter/in|Hat bei Fresenius Medical Care in Schweinfurt gearbeitet.|Nicht empfohlen|Work-Life-Balance|3|
Fresenius Medical Care AG & Co. KGaA|Medizin/Pharma|February 2020|8|Angestellte/r oder Arbeiter/in|Hat zum Zeitpunkt der Bewertung im Bereich Produktion bei Fresenius Medical Care in St. Wendel gearbeitet.|Nicht empfohlen|Overall|3.0|Lieber hätte ich nach einem anderem Job weitergesucht
Fresenius Medical Care AG & Co. KGaA|Medizin/Pharma|February 2020|8|Angestellte/r oder Arbeiter/in|Hat zum Zeitpunkt der Bewertung im Bereich Produktion bei Fresenius Medical Care in St. Wendel gearbeitet.|Nicht empfohlen|Arbeitsatmosphäre|2|Teilweise katastrophale Zustände. Vorgesetzte welchen alles egal ist, Kollegen welche nichts anderes wie Mobbing kennen. Hauptsache die Stückzahl stimmt. Jeder weiß es, aber keiner unternimmt was dagegen.
Fresenius Medical Care AG & Co. KGaA|Medizin/Pharma|February 2020|8|Angestellte/r oder Arbeiter/in|Hat zum Zeitpunkt der Bewertung im Bereich Produktion bei Fresenius Medical Care in St. Wendel gearbeitet.|Nicht empfohlen|Kollegenzusammenhalt|1|Schlimmste Kollegen in meinem ganzen Berufsleben!
Fresenius Medical Care AG & Co. KGaA|Medizin/Pharma|February 2020|8|Angestellte/r oder Arbeiter/in|Hat zum Zeitpunkt der Bewertung im Bereich Produktion bei Fresenius Medical Care in St. Wendel gearbeitet.|Nicht empfohlen|Gleichberechtigung|1|Mobbing und üble Nachrede sind ganz normal und wird von den Vorgesetzten ignoriert, oftmals machen die sogar mit
Fresenius Medical Care AG & Co. KGaA|Medizin/Pharma|February 2020|8|Angestellte/r oder Arbeiter/in|Hat zum Zeitpunkt der Bewertung im Bereich Produktion bei Fresenius Medical Care in St. Wendel gearbeitet.|Nicht empfohlen|Umgang mit älteren Kollegen|2|"Werden als ""Last"" angesehen, insbesondere die Frauen"
Fresenius Medical Care AG & Co. KGaA|Medizin/Pharma|February 2020|8|Angestellte/r oder Arbeiter/in|Hat zum Zeitpunkt der Bewertung im Bereich Produktion bei Fresenius Medical Care in St. Wendel gearbeitet.|Nicht empfohlen|Umwelt-/Sozialbewusstsein|5|Kann ich nicht sagen
Fresenius Medical Care AG & Co. KGaA|Medizin/Pharma|February 2020|8|Angestellte/r oder Arbeiter/in|Hat zum Zeitpunkt der Bewertung im Bereich Produktion bei Fresenius Medical Care in St. Wendel gearbeitet.|Nicht empfohlen|Corona1|NA|
Fresenius Medical Care AG & Co. KGaA|Medizin/Pharma|February 2020|8|Angestellte/r oder Arbeiter/in|Hat zum Zeitpunkt der Bewertung im Bereich Produktion bei Fresenius Medical Care in St. Wendel gearbeitet.|Nicht empfohlen|Corona2|NA|
Fresenius Medical Care AG & Co. KGaA|Medizin/Pharma|February 2020|8|Angestellte/r oder Arbeiter/in|Hat zum Zeitpunkt der Bewertung im Bereich Produktion bei Fresenius Medical Care in St. Wendel gearbeitet.|Nicht empfohlen|Corona3|NA|
Fresenius Medical Care AG & Co. KGaA|Medizin/Pharma|February 2020|8|Angestellte/r oder Arbeiter/in|Hat zum Zeitpunkt der Bewertung im Bereich Produktion bei Fresenius Medical Care in St. Wendel gearbeitet.|Nicht empfohlen|Work-Life-Balance|4|35St/Woche, Überstunden kein muss, Vollconti
RWE Aktiengesellschaft|Energie|May 2020|1|Führungskraft / Management|Hat zum Zeitpunkt der Bewertung im Bereich Produktion bei RWE in Essen gearbeitet.|Empfohlen|Overall|4.0|TOP Arbeitgeber ...
RWE Aktiengesellschaft|Energie|May 2020|1|Führungskraft / Management|Hat zum Zeitpunkt der Bewertung im Bereich Produktion bei RWE in Essen gearbeitet.|Empfohlen|Arbeitsatmosphäre|4|In Summe super, aber auch abhängig von Bereichen und Führungskräften
RWE Aktiengesellschaft|Energie|May 2020|1|Führungskraft / Management|Hat zum Zeitpunkt der Bewertung im Bereich Produktion bei RWE in Essen gearbeitet.|Empfohlen|Kollegenzusammenhalt|4|
RWE Aktiengesellschaft|Energie|May 2020|1|Führungskraft / Management|Hat zum Zeitpunkt der Bewertung im Bereich Produktion bei RWE in Essen gearbeitet.|Empfohlen|Gleichberechtigung|4|
RWE Aktiengesellschaft|Energie|May 2020|1|Führungskraft / Management|Hat zum Zeitpunkt der Bewertung im Bereich Produktion bei RWE in Essen gearbeitet.|Empfohlen|Umgang mit älteren Kollegen|5|
RWE Aktiengesellschaft|Energie|May 2020|1|Führungskraft / Management|Hat zum Zeitpunkt der Bewertung im Bereich Produktion bei RWE in Essen gearbeitet.|Empfohlen|Umwelt-/Sozialbewusstsein|4|
RWE Aktiengesellschaft|Energie|May 2020|1|Führungskraft / Management|Hat zum Zeitpunkt der Bewertung im Bereich Produktion bei RWE in Essen gearbeitet.|Empfohlen|Corona1|NA|Schnelle Reaktion und Vertrauen in eigenständige Leistungserbringung.
RWE Aktiengesellschaft|Energie|May 2020|1|Führungskraft / Management|Hat zum Zeitpunkt der Bewertung im Bereich Produktion bei RWE in Essen gearbeitet.|Empfohlen|Corona2|NA|
RWE Aktiengesellschaft|Energie|May 2020|1|Führungskraft / Management|Hat zum Zeitpunkt der Bewertung im Bereich Produktion bei RWE in Essen gearbeitet.|Empfohlen|Corona3|NA|
RWE Aktiengesellschaft|Energie|May 2020|1|Führungskraft / Management|Hat zum Zeitpunkt der Bewertung im Bereich Produktion bei RWE in Essen gearbeitet.|Empfohlen|Work-Life-Balance|3|
RWE Aktiengesellschaft|Energie|May 2020|2|Angestellte/r oder Arbeiter/in|Hat zum Zeitpunkt der Bewertung bei RWE Power AG in Köln gearbeitet.|Empfohlen|Overall|4.2|Traditionelles Unternehmen überraschend neumodisch, offen und dynamisch.
RWE Aktiengesellschaft|Energie|May 2020|2|Angestellte/r oder Arbeiter/in|Hat zum Zeitpunkt der Bewertung bei RWE Power AG in Köln gearbeitet.|Empfohlen|Arbeitsatmosphäre|5|Gute Stimmung und eine positive Grundeinstellung sind markant für die Abteilung.
RWE Aktiengesellschaft|Energie|May 2020|2|Angestellte/r oder Arbeiter/in|Hat zum Zeitpunkt der Bewertung bei RWE Power AG in Köln gearbeitet.|Empfohlen|Kollegenzusammenhalt|5|Insbesondere innerhalb der Abteilungen arbeiten alle eng im Team zusammen und unterstützen sich. Ohne das Aufkommen von Neid, freut man sich für den Erfolg seiner Kollegen mit.
RWE Aktiengesellschaft|Energie|May 2020|2|Angestellte/r oder Arbeiter/in|Hat zum Zeitpunkt der Bewertung bei RWE Power AG in Köln gearbeitet.|Empfohlen|Gleichberechtigung|4|
RWE Aktiengesellschaft|Energie|May 2020|2|Angestellte/r oder Arbeiter/in|Hat zum Zeitpunkt der Bewertung bei RWE Power AG in Köln gearbeitet.|Empfohlen|Umgang mit älteren Kollegen|5|
RWE Aktiengesellschaft|Energie|May 2020|2|Angestellte/r oder Arbeiter/in|Hat zum Zeitpunkt der Bewertung bei RWE Power AG in Köln gearbeitet.|Empfohlen|Umwelt-/Sozialbewusstsein|3|
RWE Aktiengesellschaft|Energie|May 2020|2|Angestellte/r oder Arbeiter/in|Hat zum Zeitpunkt der Bewertung bei RWE Power AG in Köln gearbeitet.|Empfohlen|Corona1|NA|Flexibilität und Verständnis.Die Beachtung und Akzeptanz der besonders schwierigen Situation für Eltern wird groß geschrieben und alles dafür getan, dass auch jetzt irgendwie eine Vereinbarkeit von Familie und Beruf möglich ist. Außerdem findet einen regelmäßiger Informationsaustausch auf den unterschiedlichsten Ebenen statt.
RWE Aktiengesellschaft|Energie|May 2020|2|Angestellte/r oder Arbeiter/in|Hat zum Zeitpunkt der Bewertung bei RWE Power AG in Köln gearbeitet.|Empfohlen|Corona2|NA|
RWE Aktiengesellschaft|Energie|May 2020|2|Angestellte/r oder Arbeiter/in|Hat zum Zeitpunkt der Bewertung bei RWE Power AG in Köln gearbeitet.|Empfohlen|Corona3|NA|
RWE Aktiengesellschaft|Energie|May 2020|2|Angestellte/r oder Arbeiter/in|Hat zum Zeitpunkt der Bewertung bei RWE Power AG in Köln gearbeitet.|Empfohlen|Work-Life-Balance|5|Durch Angebote wie Gleitzeit, homeoffice, Überstunden-Abbau als freie Tage kann man sich den Arbeitstag sehr flexibel gestalten. Einzelne Tage betrachtet kommt es durchaus auch mal zu langen Tagen, gleichwohl liegt durch o.g. Punkte eine sehr gute Balance vor.
RWE Aktiengesellschaft|Energie|May 2020|3|Ex-Angestellte/r oder Arbeiter/in|Hat im Bereich Produktion bei rwe generation nl/Essent in s-Hertogenbosch gearbeitet.|Empfohlen|Overall|4.7|Dort beginnt die Zukunft. Energy to lead.
RWE Aktiengesellschaft|Energie|May 2020|3|Ex-Angestellte/r oder Arbeiter/in|Hat im Bereich Produktion bei rwe generation nl/Essent in s-Hertogenbosch gearbeitet.|Empfohlen|Arbeitsatmosphäre|5|
RWE Aktiengesellschaft|Energie|May 2020|3|Ex-Angestellte/r oder Arbeiter/in|Hat im Bereich Produktion bei rwe generation nl/Essent in s-Hertogenbosch gearbeitet.|Empfohlen|Kollegenzusammenhalt|5|
RWE Aktiengesellschaft|Energie|May 2020|3|Ex-Angestellte/r oder Arbeiter/in|Hat im Bereich Produktion bei rwe generation nl/Essent in s-Hertogenbosch gearbeitet.|Empfohlen|Gleichberechtigung|5|
RWE Aktiengesellschaft|Energie|May 2020|3|Ex-Angestellte/r oder Arbeiter/in|Hat im Bereich Produktion bei rwe generation nl/Essent in s-Hertogenbosch gearbeitet.|Empfohlen|Umgang mit älteren Kollegen|5|
RWE Aktiengesellschaft|Energie|May 2020|3|Ex-Angestellte/r oder Arbeiter/in|Hat im Bereich Produktion bei rwe generation nl/Essent in s-Hertogenbosch gearbeitet.|Empfohlen|Umwelt-/Sozialbewusstsein|5|
RWE Aktiengesellschaft|Energie|May 2020|3|Ex-Angestellte/r oder Arbeiter/in|Hat im Bereich Produktion bei rwe generation nl/Essent in s-Hertogenbosch gearbeitet.|Empfohlen|Corona1|NA|/
RWE Aktiengesellschaft|Energie|May 2020|3|Ex-Angestellte/r oder Arbeiter/in|Hat im Bereich Produktion bei rwe generation nl/Essent in s-Hertogenbosch gearbeitet.|Empfohlen|Corona2|NA|
RWE Aktiengesellschaft|Energie|May 2020|3|Ex-Angestellte/r oder Arbeiter/in|Hat im Bereich Produktion bei rwe generation nl/Essent in s-Hertogenbosch gearbeitet.|Empfohlen|Corona3|NA|/
RWE Aktiengesellschaft|Energie|May 2020|3|Ex-Angestellte/r oder Arbeiter/in|Hat im Bereich Produktion bei rwe generation nl/Essent in s-Hertogenbosch gearbeitet.|Empfohlen|Work-Life-Balance|4|
RWE Aktiengesellschaft|Energie|May 2020|4|Angestellte/r oder Arbeiter/in|Hat zum Zeitpunkt der Bewertung im Bereich Produktion bei RWE in Essen gearbeitet.|Empfohlen|Overall|4.4|Umgang mit Virus-Problem
RWE Aktiengesellschaft|Energie|May 2020|4|Angestellte/r oder Arbeiter/in|Hat zum Zeitpunkt der Bewertung im Bereich Produktion bei RWE in Essen gearbeitet.|Empfohlen|Arbeitsatmosphäre|4|
RWE Aktiengesellschaft|Energie|May 2020|4|Angestellte/r oder Arbeiter/in|Hat zum Zeitpunkt der Bewertung im Bereich Produktion bei RWE in Essen gearbeitet.|Empfohlen|Kollegenzusammenhalt|4|
RWE Aktiengesellschaft|Energie|May 2020|4|Angestellte/r oder Arbeiter/in|Hat zum Zeitpunkt der Bewertung im Bereich Produktion bei RWE in Essen gearbeitet.|Empfohlen|Gleichberechtigung|5|
RWE Aktiengesellschaft|Energie|May 2020|4|Angestellte/r oder Arbeiter/in|Hat zum Zeitpunkt der Bewertung im Bereich Produktion bei RWE in Essen gearbeitet.|Empfohlen|Umgang mit älteren Kollegen|4|
RWE Aktiengesellschaft|Energie|May 2020|4|Angestellte/r oder Arbeiter/in|Hat zum Zeitpunkt der Bewertung im Bereich Produktion bei RWE in Essen gearbeitet.|Empfohlen|Umwelt-/Sozialbewusstsein|4|
RWE Aktiengesellschaft|Energie|May 2020|4|Angestellte/r oder Arbeiter/in|Hat zum Zeitpunkt der Bewertung im Bereich Produktion bei RWE in Essen gearbeitet.|Empfohlen|Corona1|NA|..wir haben eigentlich mit Abstandsmarkierungen...Maskengebot bei Nähe...Gratismasken ...vielen Desinfektions Stationen..Werkzeuge werden just desinfiziert...Homeoffice....alles was man sich wünscht.
RWE Aktiengesellschaft|Energie|May 2020|4|Angestellte/r oder Arbeiter/in|Hat zum Zeitpunkt der Bewertung im Bereich Produktion bei RWE in Essen gearbeitet.|Empfohlen|Corona2|NA|
RWE Aktiengesellschaft|Energie|May 2020|4|Angestellte/r oder Arbeiter/in|Hat zum Zeitpunkt der Bewertung im Bereich Produktion bei RWE in Essen gearbeitet.|Empfohlen|Corona3|NA|...evtl noch mehr Home Office ermöglichen.
RWE Aktiengesellschaft|Energie|May 2020|4|Angestellte/r oder Arbeiter/in|Hat zum Zeitpunkt der Bewertung im Bereich Produktion bei RWE in Essen gearbeitet.|Empfohlen|Work-Life-Balance|4|
RWE Aktiengesellschaft|Energie|April 2020|5|Führungskraft / Management|Hat zum Zeitpunkt der Bewertung im Bereich Produktion bei RWE Generation SE in Hamm gearbeitet.|Empfohlen|Overall|4.5|Vorbildlicher Umgang mit den Angestellten während Covid19
RWE Aktiengesellschaft|Energie|April 2020|5|Führungskraft / Management|Hat zum Zeitpunkt der Bewertung im Bereich Produktion bei RWE Generation SE in Hamm gearbeitet.|Empfohlen|Arbeitsatmosphäre|5|
RWE Aktiengesellschaft|Energie|April 2020|5|Führungskraft / Management|Hat zum Zeitpunkt der Bewertung im Bereich Produktion bei RWE Generation SE in Hamm gearbeitet.|Empfohlen|Kollegenzusammenhalt|5|
RWE Aktiengesellschaft|Energie|April 2020|5|Führungskraft / Management|Hat zum Zeitpunkt der Bewertung im Bereich Produktion bei RWE Generation SE in Hamm gearbeitet.|Empfohlen|Gleichberechtigung|5|
RWE Aktiengesellschaft|Energie|April 2020|5|Führungskraft / Management|Hat zum Zeitpunkt der Bewertung im Bereich Produktion bei RWE Generation SE in Hamm gearbeitet.|Empfohlen|Umgang mit älteren Kollegen|5|
RWE Aktiengesellschaft|Energie|April 2020|5|Führungskraft / Management|Hat zum Zeitpunkt der Bewertung im Bereich Produktion bei RWE Generation SE in Hamm gearbeitet.|Empfohlen|Umwelt-/Sozialbewusstsein|4|
RWE Aktiengesellschaft|Energie|April 2020|5|Führungskraft / Management|Hat zum Zeitpunkt der Bewertung im Bereich Produktion bei RWE Generation SE in Hamm gearbeitet.|Empfohlen|Corona1|NA|Information ggü. Mitarbeiter ist sehr gut. Schnelle Entwicklung von Maßnahmen und Umsetzung.
RWE Aktiengesellschaft|Energie|April 2020|5|Führungskraft / Management|Hat zum Zeitpunkt der Bewertung im Bereich Produktion bei RWE Generation SE in Hamm gearbeitet.|Empfohlen|Corona2|NA|
RWE Aktiengesellschaft|Energie|April 2020|5|Führungskraft / Management|Hat zum Zeitpunkt der Bewertung im Bereich Produktion bei RWE Generation SE in Hamm gearbeitet.|Empfohlen|Corona3|NA|
RWE Aktiengesellschaft|Energie|April 2020|5|Führungskraft / Management|Hat zum Zeitpunkt der Bewertung im Bereich Produktion bei RWE Generation SE in Hamm gearbeitet.|Empfohlen|Work-Life-Balance|4|
RWE Aktiengesellschaft|Energie|April 2020|6|Angestellte/r oder Arbeiter/in|Hat zum Zeitpunkt der Bewertung im Bereich Recht / Steuern bei RWE AG in Essen gearbeitet.|Empfohlen|Overall|4.6|TOP Arbeitgeber
RWE Aktiengesellschaft|Energie|April 2020|6|Angestellte/r oder Arbeiter/in|Hat zum Zeitpunkt der Bewertung im Bereich Recht / Steuern bei RWE AG in Essen gearbeitet.|Empfohlen|Arbeitsatmosphäre|5|
RWE Aktiengesellschaft|Energie|April 2020|6|Angestellte/r oder Arbeiter/in|Hat zum Zeitpunkt der Bewertung im Bereich Recht / Steuern bei RWE AG in Essen gearbeitet.|Empfohlen|Kollegenzusammenhalt|5|
RWE Aktiengesellschaft|Energie|April 2020|6|Angestellte/r oder Arbeiter/in|Hat zum Zeitpunkt der Bewertung im Bereich Recht / Steuern bei RWE AG in Essen gearbeitet.|Empfohlen|Gleichberechtigung|5|
RWE Aktiengesellschaft|Energie|April 2020|6|Angestellte/r oder Arbeiter/in|Hat zum Zeitpunkt der Bewertung im Bereich Recht / Steuern bei RWE AG in Essen gearbeitet.|Empfohlen|Umgang mit älteren Kollegen|5|
RWE Aktiengesellschaft|Energie|April 2020|6|Angestellte/r oder Arbeiter/in|Hat zum Zeitpunkt der Bewertung im Bereich Recht / Steuern bei RWE AG in Essen gearbeitet.|Empfohlen|Umwelt-/Sozialbewusstsein|5|
RWE Aktiengesellschaft|Energie|April 2020|6|Angestellte/r oder Arbeiter/in|Hat zum Zeitpunkt der Bewertung im Bereich Recht / Steuern bei RWE AG in Essen gearbeitet.|Empfohlen|Corona1|NA|Gute Kommunikation, alles sehr gut vorbereitet und insbesondere auch der Vorstand agiert sehr souverän.
RWE Aktiengesellschaft|Energie|April 2020|6|Angestellte/r oder Arbeiter/in|Hat zum Zeitpunkt der Bewertung im Bereich Recht / Steuern bei RWE AG in Essen gearbeitet.|Empfohlen|Corona2|NA|
RWE Aktiengesellschaft|Energie|April 2020|6|Angestellte/r oder Arbeiter/in|Hat zum Zeitpunkt der Bewertung im Bereich Recht / Steuern bei RWE AG in Essen gearbeitet.|Empfohlen|Corona3|NA|Alles bestens, viele Informationen und die Sicherheit der Mitarbeiter hat Priorität.
RWE Aktiengesellschaft|Energie|April 2020|6|Angestellte/r oder Arbeiter/in|Hat zum Zeitpunkt der Bewertung im Bereich Recht / Steuern bei RWE AG in Essen gearbeitet.|Empfohlen|Work-Life-Balance|4|
RWE Aktiengesellschaft|Energie|April 2020|7|Angestellte/r oder Arbeiter/in|Hat zum Zeitpunkt der Bewertung im Bereich Beschaffung / Einkauf bei RWE in Essen gearbeitet.|Empfohlen|Overall|5.0|Arbeit wie Familie
RWE Aktiengesellschaft|Energie|April 2020|7|Angestellte/r oder Arbeiter/in|Hat zum Zeitpunkt der Bewertung im Bereich Beschaffung / Einkauf bei RWE in Essen gearbeitet.|Empfohlen|Arbeitsatmosphäre|5|
RWE Aktiengesellschaft|Energie|April 2020|7|Angestellte/r oder Arbeiter/in|Hat zum Zeitpunkt der Bewertung im Bereich Beschaffung / Einkauf bei RWE in Essen gearbeitet.|Empfohlen|Kollegenzusammenhalt|5|
RWE Aktiengesellschaft|Energie|April 2020|7|Angestellte/r oder Arbeiter/in|Hat zum Zeitpunkt der Bewertung im Bereich Beschaffung / Einkauf bei RWE in Essen gearbeitet.|Empfohlen|Gleichberechtigung|5|
RWE Aktiengesellschaft|Energie|April 2020|7|Angestellte/r oder Arbeiter/in|Hat zum Zeitpunkt der Bewertung im Bereich Beschaffung / Einkauf bei RWE in Essen gearbeitet.|Empfohlen|Umgang mit älteren Kollegen|5|
RWE Aktiengesellschaft|Energie|April 2020|7|Angestellte/r oder Arbeiter/in|Hat zum Zeitpunkt der Bewertung im Bereich Beschaffung / Einkauf bei RWE in Essen gearbeitet.|Empfohlen|Umwelt-/Sozialbewusstsein|5|
RWE Aktiengesellschaft|Energie|April 2020|7|Angestellte/r oder Arbeiter/in|Hat zum Zeitpunkt der Bewertung im Bereich Beschaffung / Einkauf bei RWE in Essen gearbeitet.|Empfohlen|Corona1|NA|Umgang mit Homeoffice, Vertrauen
RWE Aktiengesellschaft|Energie|April 2020|7|Angestellte/r oder Arbeiter/in|Hat zum Zeitpunkt der Bewertung im Bereich Beschaffung / Einkauf bei RWE in Essen gearbeitet.|Empfohlen|Corona2|NA|
RWE Aktiengesellschaft|Energie|April 2020|7|Angestellte/r oder Arbeiter/in|Hat zum Zeitpunkt der Bewertung im Bereich Beschaffung / Einkauf bei RWE in Essen gearbeitet.|Empfohlen|Corona3|NA|Ihr tut alles Machbare
RWE Aktiengesellschaft|Energie|April 2020|7|Angestellte/r oder Arbeiter/in|Hat zum Zeitpunkt der Bewertung im Bereich Beschaffung / Einkauf bei RWE in Essen gearbeitet.|Empfohlen|Work-Life-Balance|5|
RWE Aktiengesellschaft|Energie|April 2020|8|Angestellte/r oder Arbeiter/in|Hat zum Zeitpunkt der Bewertung bei RWE Technology International GmbH in Essen gearbeitet.|Empfohlen|Overall|4.2|Passt!
RWE Aktiengesellschaft|Energie|April 2020|8|Angestellte/r oder Arbeiter/in|Hat zum Zeitpunkt der Bewertung bei RWE Technology International GmbH in Essen gearbeitet.|Empfohlen|Arbeitsatmosphäre|4|
RWE Aktiengesellschaft|Energie|April 2020|8|Angestellte/r oder Arbeiter/in|Hat zum Zeitpunkt der Bewertung bei RWE Technology International GmbH in Essen gearbeitet.|Empfohlen|Kollegenzusammenhalt|5|
RWE Aktiengesellschaft|Energie|April 2020|8|Angestellte/r oder Arbeiter/in|Hat zum Zeitpunkt der Bewertung bei RWE Technology International GmbH in Essen gearbeitet.|Empfohlen|Gleichberechtigung|5|
RWE Aktiengesellschaft|Energie|April 2020|8|Angestellte/r oder Arbeiter/in|Hat zum Zeitpunkt der Bewertung bei RWE Technology International GmbH in Essen gearbeitet.|Empfohlen|Umgang mit älteren Kollegen|5|
RWE Aktiengesellschaft|Energie|April 2020|8|Angestellte/r oder Arbeiter/in|Hat zum Zeitpunkt der Bewertung bei RWE Technology International GmbH in Essen gearbeitet.|Empfohlen|Umwelt-/Sozialbewusstsein|4|
RWE Aktiengesellschaft|Energie|April 2020|8|Angestellte/r oder Arbeiter/in|Hat zum Zeitpunkt der Bewertung bei RWE Technology International GmbH in Essen gearbeitet.|Empfohlen|Corona1|NA|Homeoffice wird stark unterstützt.
RWE Aktiengesellschaft|Energie|April 2020|8|Angestellte/r oder Arbeiter/in|Hat zum Zeitpunkt der Bewertung bei RWE Technology International GmbH in Essen gearbeitet.|Empfohlen|Corona2|NA|
RWE Aktiengesellschaft|Energie|April 2020|8|Angestellte/r oder Arbeiter/in|Hat zum Zeitpunkt der Bewertung bei RWE Technology International GmbH in Essen gearbeitet.|Empfohlen|Corona3|NA|
RWE Aktiengesellschaft|Energie|April 2020|8|Angestellte/r oder Arbeiter/in|Hat zum Zeitpunkt der Bewertung bei RWE Technology International GmbH in Essen gearbeitet.|Empfohlen|Work-Life-Balance|4|
RWE Aktiengesellschaft|Energie|March 2020|9|Führungskraft / Management|Hat zum Zeitpunkt der Bewertung im Bereich Forschung / Entwicklung bei RWE in Bergheim gearbeitet.|Empfohlen|Overall|4.8|Sehr guter Umgang mit der Corona Krise!
RWE Aktiengesellschaft|Energie|March 2020|9|Führungskraft / Management|Hat zum Zeitpunkt der Bewertung im Bereich Forschung / Entwicklung bei RWE in Bergheim gearbeitet.|Empfohlen|Arbeitsatmosphäre|5|Partnerschaftliches Miteinander mit vielen Freiheiten!
RWE Aktiengesellschaft|Energie|March 2020|9|Führungskraft / Management|Hat zum Zeitpunkt der Bewertung im Bereich Forschung / Entwicklung bei RWE in Bergheim gearbeitet.|Empfohlen|Kollegenzusammenhalt|5|Starkes Wir-Gefühl, gegenseitige Unterstützung und fachlicher Austausch!
RWE Aktiengesellschaft|Energie|March 2020|9|Führungskraft / Management|Hat zum Zeitpunkt der Bewertung im Bereich Forschung / Entwicklung bei RWE in Bergheim gearbeitet.|Empfohlen|Gleichberechtigung|5| nicht inkludiere Starkes Wir-Gefühl, gegenseitige Unterstützung und fachlicher funktionieren Austausch!
RWE Aktiengesellschaft|Energie|March 2020|9|Führungskraft / Management|Hat zum Zeitpunkt der Bewertung im Bereich Forschung / Entwicklung bei RWE in Bergheim gearbeitet.|Empfohlen|Umgang mit älteren Kollegen|5|
RWE Aktiengesellschaft|Energie|March 2020|9|Führungskraft / Management|Hat zum Zeitpunkt der Bewertung im Bereich Forschung / Entwicklung bei RWE in Bergheim gearbeitet.|Empfohlen|Umwelt-/Sozialbewusstsein|5|
RWE Aktiengesellschaft|Energie|March 2020|9|Führungskraft / Management|Hat zum Zeitpunkt der Bewertung im Bereich Forschung / Entwicklung bei RWE in Bergheim gearbeitet.|Empfohlen|Corona1|NA|alles bestens! HomeOffice, soweit möglich und jede gewünschte Unterstützung und Ausstattung
RWE Aktiengesellschaft|Energie|March 2020|9|Führungskraft / Management|Hat zum Zeitpunkt der Bewertung im Bereich Forschung / Entwicklung bei RWE in Bergheim gearbeitet.|Empfohlen|Corona2|NA|
RWE Aktiengesellschaft|Energie|March 2020|9|Führungskraft / Management|Hat zum Zeitpunkt der Bewertung im Bereich Forschung / Entwicklung bei RWE in Bergheim gearbeitet.|Empfohlen|Corona3|NA|unnatürlisch kein moral alles bestens! HomeOffice, soweit möglich und jede gewünschte Unterstützung
RWE Aktiengesellschaft|Energie|March 2020|9|Führungskraft / Management|Hat zum Zeitpunkt der Bewertung im Bereich Forschung / Entwicklung bei RWE in Bergheim gearbeitet.|Empfohlen|Work-Life-Balance|4|Faires Miteinander, weitgehende Freiheiten zur Gestaltung der Arbeiten und des Arbeitsortes
RWE Aktiengesellschaft|Energie|March 2020|10|Angestellte/r oder Arbeiter/in|Hat zum Zeitpunkt der Bewertung im Bereich Finanzen / Controlling bei RWE Generation SE in Essen gearbeitet.|Empfohlen|Overall|4.2|Gutes Krisenmanagement
RWE Aktiengesellschaft|Energie|March 2020|10|Angestellte/r oder Arbeiter/in|Hat zum Zeitpunkt der Bewertung im Bereich Finanzen / Controlling bei RWE Generation SE in Essen gearbeitet.|Empfohlen|Arbeitsatmosphäre|5|
RWE Aktiengesellschaft|Energie|March 2020|10|Angestellte/r oder Arbeiter/in|Hat zum Zeitpunkt der Bewertung im Bereich Finanzen / Controlling bei RWE Generation SE in Essen gearbeitet.|Empfohlen|Kollegenzusammenhalt|4|
RWE Aktiengesellschaft|Energie|March 2020|10|Angestellte/r oder Arbeiter/in|Hat zum Zeitpunkt der Bewertung im Bereich Finanzen / Controlling bei RWE Generation SE in Essen gearbeitet.|Empfohlen|Gleichberechtigung|4|
RWE Aktiengesellschaft|Energie|March 2020|10|Angestellte/r oder Arbeiter/in|Hat zum Zeitpunkt der Bewertung im Bereich Finanzen / Controlling bei RWE Generation SE in Essen gearbeitet.|Empfohlen|Umgang mit älteren Kollegen|3|
RWE Aktiengesellschaft|Energie|March 2020|10|Angestellte/r oder Arbeiter/in|Hat zum Zeitpunkt der Bewertung im Bereich Finanzen / Controlling bei RWE Generation SE in Essen gearbeitet.|Empfohlen|Umwelt-/Sozialbewusstsein|4|
RWE Aktiengesellschaft|Energie|March 2020|10|Angestellte/r oder Arbeiter/in|Hat zum Zeitpunkt der Bewertung im Bereich Finanzen / Controlling bei RWE Generation SE in Essen gearbeitet.|Empfohlen|Corona1|NA|Es wurde sehr schnell Home Office angewiesen und es funktioniert!
RWE Aktiengesellschaft|Energie|March 2020|10|Angestellte/r oder Arbeiter/in|Hat zum Zeitpunkt der Bewertung im Bereich Finanzen / Controlling bei RWE Generation SE in Essen gearbeitet.|Empfohlen|Corona2|NA|
RWE Aktiengesellschaft|Energie|March 2020|10|Angestellte/r oder Arbeiter/in|Hat zum Zeitpunkt der Bewertung im Bereich Finanzen / Controlling bei RWE Generation SE in Essen gearbeitet.|Empfohlen|Corona3|NA|Es gibt zeitnah Updates und ich fühle mich gut unterstützt.
RWE Aktiengesellschaft|Energie|March 2020|10|Angestellte/r oder Arbeiter/in|Hat zum Zeitpunkt der Bewertung im Bereich Finanzen / Controlling bei RWE Generation SE in Essen gearbeitet.|Empfohlen|Work-Life-Balance|5|
RWE Aktiengesellschaft|Energie|March 2020|1|Ex-Werkstudent/in|Hat im Bereich Personal / Aus- und Weiterbildung bei RWE Power AG in Essen gearbeitet.|Empfohlen|Overall|4.5|Super Einstieg in die Berufswelt, toller Arbeitgeber!
RWE Aktiengesellschaft|Energie|March 2020|1|Ex-Werkstudent/in|Hat im Bereich Personal / Aus- und Weiterbildung bei RWE Power AG in Essen gearbeitet.|Empfohlen|Arbeitsatmosphäre|5|
RWE Aktiengesellschaft|Energie|March 2020|1|Ex-Werkstudent/in|Hat im Bereich Personal / Aus- und Weiterbildung bei RWE Power AG in Essen gearbeitet.|Empfohlen|Kollegenzusammenhalt|4|
RWE Aktiengesellschaft|Energie|March 2020|1|Ex-Werkstudent/in|Hat im Bereich Personal / Aus- und Weiterbildung bei RWE Power AG in Essen gearbeitet.|Empfohlen|Gleichberechtigung|5|
RWE Aktiengesellschaft|Energie|March 2020|1|Ex-Werkstudent/in|Hat im Bereich Personal / Aus- und Weiterbildung bei RWE Power AG in Essen gearbeitet.|Empfohlen|Umgang mit älteren Kollegen|5|
RWE Aktiengesellschaft|Energie|March 2020|1|Ex-Werkstudent/in|Hat im Bereich Personal / Aus- und Weiterbildung bei RWE Power AG in Essen gearbeitet.|Empfohlen|Umwelt-/Sozialbewusstsein|3|
RWE Aktiengesellschaft|Energie|March 2020|1|Ex-Werkstudent/in|Hat im Bereich Personal / Aus- und Weiterbildung bei RWE Power AG in Essen gearbeitet.|Empfohlen|Corona1|NA|
RWE Aktiengesellschaft|Energie|March 2020|1|Ex-Werkstudent/in|Hat im Bereich Personal / Aus- und Weiterbildung bei RWE Power AG in Essen gearbeitet.|Empfohlen|Corona2|NA|
RWE Aktiengesellschaft|Energie|March 2020|1|Ex-Werkstudent/in|Hat im Bereich Personal / Aus- und Weiterbildung bei RWE Power AG in Essen gearbeitet.|Empfohlen|Corona3|NA|
RWE Aktiengesellschaft|Energie|March 2020|1|Ex-Werkstudent/in|Hat im Bereich Personal / Aus- und Weiterbildung bei RWE Power AG in Essen gearbeitet.|Empfohlen|Work-Life-Balance|5|Homeoffice möglich, auch als Werkstudent! Rücksichtnahme aufs Studium. Urlaub war nach Absprache immer problemlos möglich. Arbeitszeit konnte sehr flexibel und individuell angepasst werden. Es gibt keine Kernarbeitszeit.
RWE Aktiengesellschaft|Energie|January 2020|2|Ex-Führungskraft / Management|Hat im Bereich Produktion bei RWE in Essen gearbeitet.|Nicht empfohlen|Overall|2.2|10+ Jahre im Unternehmen - Keine Wertschätzung
RWE Aktiengesellschaft|Energie|January 2020|2|Ex-Führungskraft / Management|Hat im Bereich Produktion bei RWE in Essen gearbeitet.|Nicht empfohlen|Arbeitsatmosphäre|1|Seit dem Zusammenschluss mit E.ON hängen viele Kollegen in der Luft. Aufgabenbereiche sind unklar und eine extrem negative Atmosphäre hat sich breit gemacht.
RWE Aktiengesellschaft|Energie|January 2020|2|Ex-Führungskraft / Management|Hat im Bereich Produktion bei RWE in Essen gearbeitet.|Nicht empfohlen|Kollegenzusammenhalt|4|Der Zusammenhalt unter Kollegen ist trotz der gefühlten schlechten Lage sehr gut. Ganz nach dem Motto: Krisen schweißen Zusammen.
RWE Aktiengesellschaft|Energie|January 2020|2|Ex-Führungskraft / Management|Hat im Bereich Produktion bei RWE in Essen gearbeitet.|Nicht empfohlen|Gleichberechtigung|5|Ich konnte keine Benachteiligungen feststellen.
RWE Aktiengesellschaft|Energie|January 2020|2|Ex-Führungskraft / Management|Hat im Bereich Produktion bei RWE in Essen gearbeitet.|Nicht empfohlen|Umgang mit älteren Kollegen|5|Der Umgang unter Kollegen ist immer fair gewesen.
RWE Aktiengesellschaft|Energie|January 2020|2|Ex-Führungskraft / Management|Hat im Bereich Produktion bei RWE in Essen gearbeitet.|Nicht empfohlen|Umwelt-/Sozialbewusstsein|1|Kohle, Nuklear... Vom Image-Wandel ist nicht viel zu sehen.
RWE Aktiengesellschaft|Energie|January 2020|2|Ex-Führungskraft / Management|Hat im Bereich Produktion bei RWE in Essen gearbeitet.|Nicht empfohlen|Corona1|NA|
RWE Aktiengesellschaft|Energie|January 2020|2|Ex-Führungskraft / Management|Hat im Bereich Produktion bei RWE in Essen gearbeitet.|Nicht empfohlen|Corona2|NA|
RWE Aktiengesellschaft|Energie|January 2020|2|Ex-Führungskraft / Management|Hat im Bereich Produktion bei RWE in Essen gearbeitet.|Nicht empfohlen|Corona3|NA|
RWE Aktiengesellschaft|Energie|January 2020|2|Ex-Führungskraft / Management|Hat im Bereich Produktion bei RWE in Essen gearbeitet.|Nicht empfohlen|Work-Life-Balance|2|Es wird viel über Work-Life-Balance gesprochen, das Management gibt aber eine ganz andere Erwartungshaltung weiter.